userrhetth,Rhett,Hanscom,1111,testProject2270@gmail.com,Harry,Potter
ellas,Ella,Sarder,2222,testProject2270@gmail.com,Sarah,Parker
tylerh,Tyler,Henderson,3333,testProject2270@gmail.com,Johnny,Depp
joew,Joe,Woolfolk,4444,testProject2270@gmail.com,Chris,Pratt
sarahl,Sarah,Lenner,5555,testProject2270@gmail.com,Jenna,Eaton
jennae,Jenna,Eaton,6666,testProject2270@gmail.com,Dayanara,Bond
dayanarab,Dayanara,Bond,7777,testProject2270@gmail.com,Jaylon,Joyce
lanab,Lana,Beck,8888,testProject2270@gmail.com,Jaylon,Joyce
jaylonj,Jaylon,Joyce,9999,testProject2270@gmail.com,Lana,Beck
louisb,Louis,Barr,1111,testProject2270@gmail.com,Mohammad,Giles
marleeh,Marlee,Hayes,2222,testProject2270@gmail.com,Damian,Baird
jayceec,Jaycee,Carlson,3333,testProject2270@gmail.com,Amaris,Burke
amarisb,Amaris,Burke,4444,testProject2270@gmail.com,Cailyn,Blankenship
caitlynb,Cailyn,Blankenship,5555,testProject2270@gmail.com,Nicolai,Hayes
nicolaih,Nicolai,Hayes,6666,testProject2270@gmail.com,Matthais,Underwood
matthaisu,Matthais,Underwood,7777,testProject2270@gmail.com,Immanuel,Olsen
immanuelo,Immanual,Olsen,8888,testProject2270@gmail.com,Maribel,Conrad
maribelc,Maribel,Conrad,9999,testProject2270@gmail.com,Ryland,Vaughn
rylandv,Ryland,Vaughn,1111,testProject2270@gmail.com,Nyasia,Monroe
nyasiam,Nyasia,Mondroe,2222,testProject2270@gmail.com,Hailey,Mathews
haileym,Hailey,Mathews,3333,testProject2270@gmail.com,Jaydon,Lane
jaydonl,Jaydon,Lane,4444,testProject2270@gmail.com,Catalina,Meadows
catalinam,Catalina,Meadows,5555,testProject2270@gmail.com,Ethen,Bartlett
ethanb,Ethan,Bartlett,6666,testProject2270@gmail.com,Allyson,Fuller
allysonf,Allyson,Fuller,7777,testProject2270@gmail.com,Samuel,Frye
samuelf,Samuel,Frye,8888,testProject2270@gmail.com,Angel,Dixon
angeld,Angel,Dixon,9999,testProject2270@gmail.com,Deja,Owen
dejad,Deja,Owen,1111,testProject2270@gmail.com,Lainey,Wong
lainelyw,Lainey,Wong,2222,testProject2270@gmail.com,Finn,Meza
finnm,Finn,Meza,3333,testProject2270@gmail.com,Haylee,Delacruz
hayleed,Haylee,Delacruz,4444,testProject2270@gmail.com,Tate,Barr
tateb,Tate,Barr,5555,testProject2270@gmail.com,Will,Doyle
willd,Will,Doyle,6666,testProject2270@gmail.com,Lorelai,Elliott
lorelaie,Lorelai,Elliot,7777,testProject2270@gmail.com,Kayeigh,Roberton
kayleighr,Kayleigh,Robertson,8888,testProject2270@gmail.com,Trevon,Atkins
trevora,Trevor,Atkins,9999,testProject2270@gmail.com,Caitlyn,Farley
caitlynff,Caitlyn,Farley,1111,testProject2270@gmail.com,Shamar,Graves
shamarg,Shamar,Graves,2222,testProject2270@gmail.com,Kendall,Kramer
kendallk,Kendall,Kramer,3333,testProject2270@gmail.com,Walker,Bradshaw
walkerb,Walker,Bradshaw,4444,testProject2270@gmail.com,Sonny,Suarez
sonnys,Sonny,Suarez,5555,testProject2270@gmail.com,Zachary,Falk
zachyf,Zachary,Falk,6666,testProject2270@gmail.com,Greta,Girl
gretagg,Greta,Girl,7777,testProject2270@gmail.com,Momo,Barnett
momob,Moma,Barnett,8888,testProject2270@gmail.com,Lilianna,Benson
liliannab,Lilianna,Benson,9999,testProject2270@gmail.com,Trevon,Vaughan
trevonv,Trevon,Vaughan,1111,testProject2270@gmail.com,Kiera,Sun
kieras,Kiera,Sun,2222,testProject2270@gmail.com,Paul,Ibarra
pauli,Paul,Ibarra,3333,testProject2270@gmail.com,Adolfa,West
adolfow,Adolfo,West,4444,testProject2270@gmail.com,Jordyn,West
jordynw,Jordyn,West,5555,testProject2270@gmail.com,Willie,Gregory
willieg,Willie,Gregory,6666,testProject2270@gmail.com,Raven,Lang
ravenl,Raven,Lang,7777,testProject2270@gmail.com,Trevon,Hill
trevonh,Trevon,Hill,8888,testProject2270@gmail.com,Justus,Reese
justusr,Justus,Reese,9999,testProject2270@gmail.com,Deven,Charles
devenc,Deven,Charles,1111,testProject2270@gmail.com,Tamara,Dennis
tamarad,Tamara,Dennis,2222,testProject2270@gmail.com,Taylor,Mccall
taylorm,Taylor,Mccall,3333,testProject2270@gmail.com,Nathan,Ellis
nathanel,Nathan,Ellis,4444,testProject2270@gmail.com,Gage,Logan
gagel,Gage,Logan,5555,testProject2270@gmail.com,Rod,Baldie
rodbie,Rod,Baldie,6666,testProject2270@gmail.com,Kenneth,Valenite
kennethv,Kenneth,Valentine,7777,testProject2270@gmail.com,Callie,Holland
callieh,Callie,Holland,8888,testProject2270@gmail.com,Karson,Greene
karsong,Karson,Greene,9999,testProject2270@gmail.com,Alexander,Bennett
alexanderb,Alexander,Bennett,1111,testProject2270@gmail.com,Harmony,Spence
harmonys,Harmony,Spence,2222,testProject2270@gmail.com,Nigel,Turner
nigelt,Nigel,Turner,3333,testProject2270@gmail.com,Dustin,Avalia
dustina,Dustin,Avalia,4444,testProject2270@gmail.com,Denise,Hart
denisah,Denise,Hart,5555,testProject2270@gmail.com,James,Skinner
jamessk,James,Skinner,6666,testProject2270@gmail.com,Izaiah,Burch
izaighb,Izaiah,Burch,7777,testProject2270@gmail.com,Carlee,Walker
carleew,Carlee,Walker,8888,testProject2270@gmail.com,Ishaan,Raymond
ishaanr,Ishaan,Raymond,9999,testProject2270@gmail.com,Carlee,Walker
carleewa,Carlee,Walker,1111,testProject2270@gmail.com,Dorean,Winter
doreanw,Dorean,Winter,2222,testProject2270@gmail.com,Noelle,Henry
noelleh,Noelle,Henry,3333,testProject2270@gmail.com,Jamya,Cherry
jamyac,Jamya,Cherry,4444,testProject2270@gmail.com,Luis,Forbes
luisf,Luis,Forbes,5555,testProject2270@gmail.com,Mauricio,Alexander
maruicioa,Mauricio,Alexander,6666,testProject2270@gmail.com,Willie,Oddly
willyodd,Willy,Oddly,7777,testProject2270@gmail.com,Vanessa,Rollins
vanessar,Vannessa,Rollins,8888,testProject2270@gmail.com,Cortez,Calhoun
cortexc,Cortez,Calhoun,9999,testProject2270@gmail.com,Lily,Thomas
lilyth,Lily,Thomas,1111,testProject2270@gmail.com,Salma,Rojas
salmar,Salma,Rojas,2222,testProject2270@gmail.com,Zachery,Russo
zacheryr,Zachery,Russo,3333,testProject2270@gmail.com,Amare,Salina
amares,Amare,Salina,4444,testProject2270@gmail.com,Audrey,Harrington
audreyh,Audrey,Harrington,5555,testProject2270@gmail.com,Isabella,McClain
isabellamc,Isabella,McClain,6666,testProject2270@gmail.com,Lesly,Barron
leslyb,Leslee,Barron,7777,testProject2270@gmail.com,Marlee,Osborn
marleeo,Marlee,Osborn,8888,testProject2270@gmail.com,Karla,Stanton
karlas,Karla,Stanton,9999,testProject2270@gmail.com,Cecelie,Ashely
ceceash,Cece,Ashley,1111,testProject2270@gmail.com,Linsey,Mclaughlin
linseym,Lindsey,Mclauglin,2222,testProject2270@gmail.com,Norah,Maddox
noram,Norah,Maddox,3333,testProject2270@gmail.com,Cohen,Franco
cohenf,Cohen,Franco,4444,testProject2270@gmail.com,Adam,Armstron
adama,Adam,Armstrong,5555,testProject2270@gmail.com,Lea,Hobbs
leahobbs,Leah,Hobbs,6666,testProject2270@gmail.com,Jaiden,Dior
jaidendiorfierce,Jayden,Dior,7777,testProject2270@gmail.com,Samson,Roy
samsonr,Samson,Roy,8888,testProject2270@gmail.com,Cierra,Melton
cierram,Cierra,Melton,9999,testProject2270@gmail.com,Abbigail,Cooper
abbycoop,Abbigail,Cooper,1111,testProject2270@gmail.com,August,Mayer
rhetth1,Rhett,Hanscom,1111,testProject2270@gmail.com,Harry,Potter
ellas1,Ella,Sarder,2222,testProject2270@gmail.com,Sarah,Parker
tylerh1,Tyler,Henderson,3333,testProject2270@gmail.com,Johnny,Depp
joew1,Joe,Woolfolk,4444,testProject2270@gmail.com,Chris,Pratt
sarahl1,Sarah,Lenner,5555,testProject2270@gmail.com,Jenna,Eaton
jennae1,Jenna,Eaton,6666,testProject2270@gmail.com,Dayanara,Bond
dayanarab1,Dayanara,Bond,7777,testProject2270@gmail.com,Jaylon,Joyce
lanab1,Lana,Beck,8888,testProject2270@gmail.com,Jaylon,Joyce
jaylonj1,Jaylon,Joyce,9999,testProject2270@gmail.com,Lana,Beck
louisb1,Louis,Barr,1111,testProject2270@gmail.com,Mohammad,Giles
marleeh1,Marlee,Hayes,2222,testProject2270@gmail.com,Damian,Baird
jayceec1,Jaycee,Carlson,3333,testProject2270@gmail.com,Amaris,Burke
amarisb1,Amaris,Burke,4444,testProject2270@gmail.com,Cailyn,Blankenship
caitlynb1,Cailyn,Blankenship,5555,testProject2270@gmail.com,Nicolai,Hayes
nicolaih1,Nicolai,Hayes,6666,testProject2270@gmail.com,Matthais,Underwood
matthaisu1,Matthais,Underwood,7777,testProject2270@gmail.com,Immanuel,Olsen
immanuelo1,Immanual,Olsen,8888,testProject2270@gmail.com,Maribel,Conrad
maribelc1,Maribel,Conrad,9999,testProject2270@gmail.com,Ryland,Vaughn
rylandv1,Ryland,Vaughn,1111,testProject2270@gmail.com,Nyasia,Monroe
nyasiam1,Nyasia,Mondroe,2222,testProject2270@gmail.com,Hailey,Mathews
haileym1,Hailey,Mathews,3333,testProject2270@gmail.com,Jaydon,Lane
jaydonl1,Jaydon,Lane,4444,testProject2270@gmail.com,Catalina,Meadows
catalinam1,Catalina,Meadows,5555,testProject2270@gmail.com,Ethen,Bartlett
ethanb1,Ethan,Bartlett,6666,testProject2270@gmail.com,Allyson,Fuller
allysonf1,Allyson,Fuller,7777,testProject2270@gmail.com,Samuel,Frye
samuelf1,Samuel,Frye,8888,testProject2270@gmail.com,Angel,Dixon
angeld1,Angel,Dixon,9999,testProject2270@gmail.com,Deja,Owen
dejad1,Deja,Owen,1111,testProject2270@gmail.com,Lainey,Wong
lainelyw1,Lainey,Wong,2222,testProject2270@gmail.com,Finn,Meza
finnm1,Finn,Meza,3333,testProject2270@gmail.com,Haylee,Delacruz
hayleed1,Haylee,Delacruz,4444,testProject2270@gmail.com,Tate,Barr
tateb1,Tate,Barr,5555,testProject2270@gmail.com,Will,Doyle
willd1,Will,Doyle,6666,testProject2270@gmail.com,Lorelai,Elliott
lorelaie1,Lorelai,Elliot,7777,testProject2270@gmail.com,Kayeigh,Roberton
kayleighr1,Kayleigh,Robertson,8888,testProject2270@gmail.com,Trevon,Atkins
trevora1,Trevor,Atkins,9999,testProject2270@gmail.com,Caitlyn,Farley
caitlynff1,Caitlyn,Farley,1111,testProject2270@gmail.com,Shamar,Graves
shamarg1,Shamar,Graves,2222,testProject2270@gmail.com,Kendall,Kramer
kendallk1,Kendall,Kramer,3333,testProject2270@gmail.com,Walker,Bradshaw
walkerb1,Walker,Bradshaw,4444,testProject2270@gmail.com,Sonny,Suarez
sonnys1,Sonny,Suarez,5555,testProject2270@gmail.com,Zachary,Falk
zachyf1,Zachary,Falk,6666,testProject2270@gmail.com,Greta,Girl
gretagg1,Greta,Girl,7777,testProject2270@gmail.com,Momo,Barnett
momob1,Moma,Barnett,8888,testProject2270@gmail.com,Lilianna,Benson
liliannab1,Lilianna,Benson,9999,testProject2270@gmail.com,Trevon,Vaughan
trevonv1,Trevon,Vaughan,1111,testProject2270@gmail.com,Kiera,Sun
kieras1,Kiera,Sun,2222,testProject2270@gmail.com,Paul,Ibarra
pauli1,Paul,Ibarra,3333,testProject2270@gmail.com,Adolfa,West
adolfow1,Adolfo,West,4444,testProject2270@gmail.com,Jordyn,West
jordynw1,Jordyn,West,5555,testProject2270@gmail.com,Willie,Gregory
willieg1,Willie,Gregory,6666,testProject2270@gmail.com,Raven,Lang
ravenl1,Raven,Lang,7777,testProject2270@gmail.com,Trevon,Hill
trevonh1,Trevon,Hill,8888,testProject2270@gmail.com,Justus,Reese
justusr1,Justus,Reese,9999,testProject2270@gmail.com,Deven,Charles
devenc1,Deven,Charles,1111,testProject2270@gmail.com,Tamara,Dennis
tamarad1,Tamara,Dennis,2222,testProject2270@gmail.com,Taylor,Mccall
taylorm1,Taylor,Mccall,3333,testProject2270@gmail.com,Nathan,Ellis
nathanel1,Nathan,Ellis,4444,testProject2270@gmail.com,Gage,Logan
gagel1,Gage,Logan,5555,testProject2270@gmail.com,Rod,Baldie
rodbie1,Rod,Baldie,6666,testProject2270@gmail.com,Kenneth,Valenite
kennethv1,Kenneth,Valentine,7777,testProject2270@gmail.com,Callie,Holland
callieh1,Callie,Holland,8888,testProject2270@gmail.com,Karson,Greene
karsong1,Karson,Greene,9999,testProject2270@gmail.com,Alexander,Bennett
alexanderb1,Alexander,Bennett,1111,testProject2270@gmail.com,Harmony,Spence
harmonys1,Harmony,Spence,2222,testProject2270@gmail.com,Nigel,Turner
nigelt1,Nigel,Turner,3333,testProject2270@gmail.com,Dustin,Avalia
dustina1,Dustin,Avalia,4444,testProject2270@gmail.com,Denise,Hart
denisah1,Denise,Hart,5555,testProject2270@gmail.com,James,Skinner
jamessk1,James,Skinner,6666,testProject2270@gmail.com,Izaiah,Burch
izaighb1,Izaiah,Burch,7777,testProject2270@gmail.com,Carlee,Walker
carleew1,Carlee,Walker,8888,testProject2270@gmail.com,Ishaan,Raymond
ishaanr1,Ishaan,Raymond,9999,testProject2270@gmail.com,Carlee,Walker
carleewa1,Carlee,Walker,1111,testProject2270@gmail.com,Dorean,Winter
doreanw1,Dorean,Winter,2222,testProject2270@gmail.com,Noelle,Henry
noelleh1,Noelle,Henry,3333,testProject2270@gmail.com,Jamya,Cherry
jamyac1,Jamya,Cherry,4444,testProject2270@gmail.com,Luis,Forbes
luisf1,Luis,Forbes,5555,testProject2270@gmail.com,Mauricio,Alexander
maruicioa1,Mauricio,Alexander,6666,testProject2270@gmail.com,Willie,Oddly
willyodd1,Willy,Oddly,7777,testProject2270@gmail.com,Vanessa,Rollins
vanessar1,Vannessa,Rollins,8888,testProject2270@gmail.com,Cortez,Calhoun
cortexc1,Cortez,Calhoun,9999,testProject2270@gmail.com,Lily,Thomas
lilyth1,Lily,Thomas,1111,testProject2270@gmail.com,Salma,Rojas
salmar1,Salma,Rojas,2222,testProject2270@gmail.com,Zachery,Russo
zacheryr1,Zachery,Russo,3333,testProject2270@gmail.com,Amare,Salina
amares1,Amare,Salina,4444,testProject2270@gmail.com,Audrey,Harrington
audreyh1,Audrey,Harrington,5555,testProject2270@gmail.com,Isabella,McClain
isabellamc1,Isabella,McClain,6666,testProject2270@gmail.com,Lesly,Barron
leslyb1,Leslee,Barron,7777,testProject2270@gmail.com,Marlee,Osborn
marleeo1,Marlee,Osborn,8888,testProject2270@gmail.com,Karla,Stanton
karlas1,Karla,Stanton,9999,testProject2270@gmail.com,Cecelie,Ashely
ceceash1,Cece,Ashley,1111,testProject2270@gmail.com,Linsey,Mclaughlin
linseym1,Lindsey,Mclauglin,2222,testProject2270@gmail.com,Norah,Maddox
noram1,Norah,Maddox,3333,testProject2270@gmail.com,Cohen,Franco
cohenf1,Cohen,Franco,4444,testProject2270@gmail.com,Adam,Armstron
adama1,Adam,Armstrong,5555,testProject2270@gmail.com,Lea,Hobbs
leahobbs1,Leah,Hobbs,6666,testProject2270@gmail.com,Jaiden,Dior
jaidendiorfierce1,Jayden,Dior,7777,testProject2270@gmail.com,Samson,Roy
samsonr1,Samson,Roy,8888,testProject2270@gmail.com,Cierra,Melton
cierram1,Cierra,Melton,9999,testProject2270@gmail.com,Abbigail,Cooper
abbycoop1,Abbigail,Cooper,1111,testProject2270@gmail.com,August,Mayer
